LOS,URG,WARD,PRIORITY
2,A2,1,167
6,A1,1,1276
4,A2,1,55
2,D,1,10
4,B,1,420
2,A1,1,968
3,B,1,139
5,B,1,173
3,C,1,655
5,A1,1,266
5,A2,1,135
4,A1,1,1194
1,A2,1,48
2,B,1,388
3,D,1,89
2,D,1,12
3,A2,1,139
4,A2,2,188
2,A1,1,891
2,A1,1,257
4,A1,2,250
1,B,2,156
4,B,1,178
3,A1,1,345
3,A2,1,295
3,C,2,157
2,A1,1,1288
4,C,2,188
3,C,1,84
3,B,2,141
1,A1,1,730
4,A1,1,1155
1,A1,1,995
4,C,2,34
2,A2,1,90
2,A2,1,285
2,D,1,64
2,A1,1,1302
3,A2,1,218
4,B,1,104
3,A2,1,214
3,D,1,23
2,C,1,30
2,A1,1,538
3,D,1,26
3,B,2,125
1,A2,1,134
4,D,2,13
1,B,1,86
4,A1,2,244
3,A1,2,401
3,A2,1,519
2,A1,1,1539
1,A2,1,224
3,D,2,32
4,A1,1,1137
2,A2,1,57
3,B,1,257
4,A1,2,338
2,A1,1,466
1,C,2,13
1,A2,1,431
4,B,2,132
4,A1,2,1625
3,D,1,143
4,C,2,27
1,A2,1,402
1,C,2,61
3,A1,1,377
4,B,1,105
3,C,1,126
4,A2,1,481
1,A2,1,280
3,A2,2,252
3,C,1,132
1,A1,1,710
1,A2,1,628
6,C,1,162
3,C,1,81
4,A2,1,372
4,D,1,115
3,A2,1,241
4,A1,1,1438
4,A1,1,341
3,B,1,245
4,B,1,65
5,C,1,69
3,B,2,170
1,B,1,33
1,A1,1,98
5,A2,2,118
3,B,2,187
2,C,1,33
1,B,1,369
2,B,2,65
2,A1,2,675
2,A2,2,87
3,A1,1,520
4,B,1,40
6,C,2,48
3,A2,1,116
1,A1,1,819
3,A1,1,247
3,A1,1,593
2,B,1,52
4,B,1,142
3,A2,2,94
3,D,1,53
4,A1,1,601
2,A2,1,446
3,B,1,436
6,C,2,45
4,C,1,74
6,A2,2,409
3,B,1,74
6,A2,2,244
1,C,1,59
3,A2,1,300
4,A1,1,752
1,A2,1,282
3,D,1,14
3,B,1,379
5,A1,1,835
4,C,1,15
3,B,1,54
6,C,1,68
1,A1,1,1055
2,C,2,151
2,A2,1,235
3,D,1,26
3,B,1,170
5,C,1,58
3,A1,2,770
2,A1,1,1141
4,D,1,25
3,C,2,193
4,A1,1,150
2,B,1,60
4,A2,2,544
4,A1,1,279
4,A1,1,683
3,B,2,65
3,A2,1,216
1,D,2,11
4,A2,1,115
4,B,2,297
3,B,1,136
2,A2,1,388
4,A2,2,66
3,D,1,20
1,A2,2,528
5,A1,1,535
3,A2,2,673
3,A2,2,157
5,D,1,61
5,B,1,476
2,C,1,15
4,D,2,19
2,A1,2,1030
4,C,1,96
3,A1,2,177
6,A1,1,666
1,A2,1,235
5,B,1,62
2,A1,2,593
4,A1,2,1476
5,C,1,56
4,C,1,242
4,C,1,154
6,D,2,33
2,D,1,49
3,C,1,156
5,A2,1,287
2,C,2,84
2,A1,1,406
3,B,1,99
2,B,1,47
1,B,2,310
1,A1,1,568
4,D,1,58
6,D,2,112
3,A1,1,690
1,A2,1,652
2,A1,2,558
5,A2,2,184
3,A2,2,829
4,A1,1,1183
3,A1,2,602
2,D,1,12
2,D,2,47
2,B,2,209
4,C,1,98
4,A1,2,432
4,A1,2,897
6,A2,1,881
2,A2,1,241
4,B,2,139
2,A2,2,301
2,A2,1,236
2,D,1,122
3,D,2,91
3,A2,2,500
5,A1,2,675
1,B,1,255
2,C,2,34
2,A1,1,1183
4,C,1,81
2,A1,2,579
6,B,2,80
1,A1,2,376
1,A2,2,149
5,C,1,101
1,A2,2,212
5,A1,2,804
3,B,2,70
3,A1,1,473
5,B,1,82
4,A2,2,126
2,C,1,118
1,A2,1,326
2,A1,1,514
6,A2,2,53
6,B,1,265
2,D,1,50
3,A2,1,251
4,A2,2,134
3,A2,1,179
5,A1,1,576
1,C,1,136
2,C,1,52
5,A2,2,62
3,D,1,11
4,C,2,97
2,A1,1,1535
1,A2,2,388
2,B,2,365
3,A2,2,864
2,B,2,16
3,A1,1,80
3,A1,1,121
1,A2,2,477
1,A2,1,91
4,B,2,143
5,D,2,19
1,C,1,88
4,B,2,96
4,D,1,16
6,A2,1,358
4,A1,2,838
4,A2,2,99
2,A1,2,1834
4,C,1,114
1,A1,2,2025
6,B,1,460
4,B,2,188
4,A2,1,72
4,A2,1,473
3,A1,1,292
1,B,1,245
5,D,1,107
4,A2,1,251
2,C,1,34
3,A1,1,806
6,A1,1,1087
5,A2,1,150
5,A1,2,100
2,A2,1,347
4,A1,1,769
2,A1,1,766
1,B,1,255
4,A1,1,1103
4,C,2,16
4,A2,2,202
2,D,1,52
1,A1,1,256
1,B,2,251
6,A1,2,806
3,A2,1,346
2,B,2,120
4,D,2,89
5,A2,2,320
3,A1,2,834
3,A2,1,800
2,A1,2,285
3,A2,1,257
2,B,1,115
4,A1,2,441
3,A1,1,361
4,A2,1,368
4,A2,1,247
3,D,1,122
4,B,1,101
2,D,1,34
2,A2,2,459
3,A1,1,1277
5,B,1,269
4,A2,2,61
3,A1,2,282
3,A1,2,871
5,A1,1,965
2,A1,1,1176
3,C,1,22
5,A1,1,146
2,A1,2,636
5,A1,2,447
3,C,1,14
1,A2,2,201
5,A1,1,405
2,A2,1,156
2,A2,1,559
2,C,1,177
3,C,2,15
1,D,2,24
2,A1,1,471
5,A2,1,762
1,A1,1,844
3,A1,1,471
5,A2,1,558
1,A2,2,51
1,A2,1,131
2,A2,2,192
2,B,1,212
1,D,1,94
1,A1,1,491
2,A1,2,537
3,C,1,132
4,A1,1,401
3,B,1,330
2,A1,2,646
1,A1,1,304
1,C,1,34
4,C,1,269
4,A2,2,161
3,D,1,12
1,A1,2,223
2,D,1,12
2,B,1,662
4,D,2,36
3,A1,2,507
4,B,1,107
5,D,1,16
6,A2,2,59
4,A2,2,98
2,A2,1,323
4,D,1,41
2,A2,2,344
2,A2,1,658
2,B,1,38
5,B,1,55
1,A2,2,318
2,A1,2,903
3,C,2,412
2,B,1,331
1,A2,1,499
6,A1,1,900
3,A2,2,71
5,A1,1,456
3,C,1,70
1,A1,1,1172
4,D,2,15
4,A1,1,376
6,A1,1,698
4,A1,2,1704
1,A2,1,196
4,A2,1,102
2,C,1,166
3,B,1,130
2,A1,2,504
4,A2,1,195
3,C,2,46
1,A2,2,327
2,C,1,79
1,D,1,11
5,D,1,20
3,A2,1,339
1,A2,1,108
3,A2,1,569
4,A2,2,462
6,A1,2,893
1,B,2,264
2,C,2,14
1,D,1,81
6,A1,1,874
1,B,2,482
1,B,1,128
2,B,1,54
5,D,1,82
2,A2,1,789
2,A1,2,326
3,D,2,41
3,A1,1,1341
3,A1,1,356
4,A1,1,1505
4,A1,1,231
3,A2,1,158
4,D,1,148
3,B,2,88
3,C,1,34
3,A1,2,380
2,A1,1,338
4,A1,1,517
3,B,2,31
1,A1,1,472
3,D,1,13
2,B,2,84
6,D,2,38
2,A2,1,264
6,B,1,397
3,A2,1,244
3,B,2,35
3,C,1,66
2,A1,1,341
2,B,1,142
3,A1,2,237
4,A2,2,172
6,A1,1,59
5,C,1,87
5,A1,1,1202
5,C,2,136
6,A2,2,474
5,A2,1,253
6,A2,1,230
5,A1,2,488
5,A1,2,881
3,A2,2,330
6,B,1,82
2,A2,1,46
2,D,1,14
2,A1,1,113
1,A1,1,660
1,A1,1,607
3,B,1,795
3,B,2,62
2,A1,2,290
2,A2,2,563
2,A1,1,658
1,C,1,121
2,B,1,334
3,A2,1,259
6,C,1,46
4,B,2,106
6,C,2,52
6,D,1,21
5,D,2,38
5,C,1,45
4,D,2,54
6,D,2,26
2,A2,1,213
2,C,1,149
4,A2,2,286
1,A1,1,1912
4,A2,1,274
6,C,2,36
1,A1,1,492
3,A1,1,128
3,A1,2,695
2,A2,1,289
2,C,1,94
2,C,1,81
5,A1,2,544
4,B,1,31
5,A1,1,463
2,B,1,203
5,A2,1,457
1,D,1,46
4,A2,1,57
1,D,2,13
4,B,2,45
3,B,1,99
2,B,2,124
4,A1,1,186
3,B,1,474
1,A1,1,514
2,A2,2,180
4,A2,1,406
2,A1,1,304
4,A1,1,151
3,C,2,78
2,A2,1,385
6,A2,1,334
1,B,1,402
3,B,1,186
4,A1,2,863
2,A2,1,122
3,A1,2,550
2,A1,1,512
1,B,1,98
1,A2,1,365
1,A1,1,1121
1,D,1,16
3,D,2,15
6,C,2,26
5,B,1,101
3,A1,1,274
4,A2,1,256
3,A1,2,1659
1,A2,1,822
3,A1,1,858
4,C,1,221
2,A2,2,421
3,B,1,243
1,A1,1,640
4,A2,1,293
4,A1,2,94
5,C,2,22
3,A2,1,241
5,A2,1,167
1,A1,1,421
5,C,2,106
1,A2,1,133
5,D,1,83
3,D,1,128
4,B,1,153
4,D,1,35
2,C,1,151
3,B,1,148
2,A1,1,255
2,C,1,93
2,A2,2,166
3,A1,1,284
5,A2,1,390
4,A1,2,187
3,B,1,318
1,A2,1,639
2,B,1,162
4,B,1,204
5,A2,1,335
2,A2,1,411
2,B,2,60
2,A1,2,1029
4,A2,1,259
3,C,1,97
1,A1,1,494
4,C,1,205
5,A2,1,554
4,B,2,81
4,A1,1,551
6,D,2,11
3,A2,2,741
6,A2,2,236
4,A1,1,398
2,A1,1,740
1,A1,1,841
4,B,1,136
3,A2,1,166
5,C,2,188
3,B,2,646
3,B,1,43
3,D,1,128
2,A1,1,965
3,B,1,46
2,A1,2,460
6,B,2,44
2,A1,2,608
4,A1,1,430
1,A2,1,376
4,A2,1,140
1,D,1,235
4,D,1,24
1,B,2,62
1,A1,2,634
6,A2,1,107
5,A1,1,895
3,A1,2,913
3,A1,1,198
2,A2,1,250
3,B,1,679
2,A2,1,493
3,A1,2,479
3,A2,1,323
2,D,1,56
4,B,1,252
5,D,1,92
2,A2,2,1218
3,D,1,106
2,A2,1,488
6,B,2,556
2,A2,1,34
6,C,1,83
1,A2,1,211
3,A1,1,517
2,A1,2,1712
4,B,2,241
4,D,2,19
4,A1,1,282
3,B,1,294
1,A2,2,169
3,D,1,14
4,A2,2,304
2,B,1,115
2,A2,1,353
2,A2,2,652
5,B,2,32
2,A1,1,256
3,A2,1,216
1,D,2,21
3,A1,2,548
4,D,1,13
1,B,2,77
4,B,2,216
5,D,1,10
1,C,1,415
5,A1,1,748
4,D,1,55
6,A2,1,280
2,C,1,46
3,B,1,142
5,A1,2,453
6,D,2,21
3,A1,1,359
5,D,1,54
1,C,2,79
5,C,2,218
3,B,1,66
4,A2,1,212
3,B,2,221
6,A2,1,89
3,A1,2,426
5,A1,1,470
6,B,2,277
2,B,1,202
5,A2,2,77
4,A1,1,704
5,D,1,45
2,A1,1,1135
4,B,2,105
4,B,1,129
4,A1,1,237
5,B,1,102
5,B,1,23
3,A1,1,403
2,C,1,35
1,B,2,179
4,D,1,55
5,C,1,25
5,A1,1,1334
3,A2,2,83
5,A2,1,80
5,A1,1,95
2,B,1,517
5,A1,1,521
1,A1,1,1009
4,A2,2,91
6,A1,1,556
4,D,2,18
3,A1,1,937
4,A1,1,499
2,B,1,423
1,A1,1,330
4,A1,2,311
3,A2,1,449
4,B,2,71
1,A2,1,209
5,A1,2,1624
3,A1,1,675
1,D,2,25
4,B,2,123
4,D,2,11
5,A2,2,388
4,A2,1,467
3,C,2,65
2,A1,1,305
5,A2,1,142
2,A1,2,587
3,A2,2,701
2,A2,2,304
3,B,1,89
4,B,1,75
6,A1,2,470
5,B,1,443
3,C,1,274
3,A1,1,458
5,C,2,124
4,D,1,29
4,B,2,142
1,A1,2,401
2,B,2,35
6,A1,1,294
3,B,2,279
1,D,1,15
3,A2,1,109
2,A2,2,223
3,B,1,186
4,A1,2,627
1,A1,1,1070
6,C,2,94
2,A1,2,736
2,A1,2,388
3,C,2,64
4,B,1,110
5,B,2,83
4,A1,1,1899
3,C,2,11
1,B,1,442
4,D,2,40
2,B,2,34
1,C,1,166
1,A1,2,810
4,D,2,20
4,B,1,289
6,B,1,573
3,B,2,312
2,A1,2,617
3,A2,2,271
6,A1,2,583
2,A1,2,350
1,A1,1,663
3,A1,1,664
2,A1,1,327
5,B,1,186
3,A1,2,224
3,B,1,161
2,A1,2,654
3,A2,1,140
5,B,2,112
4,A2,2,214
3,A2,1,190
4,C,2,57
5,A1,1,552
4,C,1,163
4,A2,1,251
1,A1,2,524
4,D,2,69
3,A1,1,318
5,A1,1,1059
3,B,2,102
4,A1,2,515
6,A2,2,137
4,D,1,18
2,C,1,313
1,B,2,194
4,A1,1,252
4,A2,2,108
2,D,1,16
1,A1,1,758
2,A1,2,1133
6,A1,1,822
6,B,2,238
4,B,2,132
1,A2,1,232
5,B,1,131
2,B,1,75
3,B,2,180
2,A2,1,176
3,A1,1,1948
5,D,2,28
1,A1,1,608
1,A1,1,817
3,D,1,16
5,B,1,180
4,A1,1,350
4,A2,2,109
5,B,1,77
2,C,2,127
4,A1,2,538
1,A1,2,644
5,A2,1,270
3,A2,1,337
5,A2,2,311
2,D,1,37
2,A1,1,231
3,A2,1,200
1,C,1,99
3,A2,1,136
1,A1,1,764
1,A1,1,249
1,C,2,86
4,C,2,124
6,B,1,265
2,A2,2,354
5,A2,1,599
1,A1,1,1048
3,A1,1,392
2,A1,1,1030
4,C,1,161
5,D,2,37
3,D,2,49
5,C,1,212
1,A1,1,160
2,A1,1,841
1,A1,1,306
4,C,1,21
2,A2,1,538
3,C,2,130
6,C,1,155
1,A2,1,385
4,A1,2,850
2,D,2,31
4,A2,2,28
3,A2,1,135
5,C,2,116
3,A1,1,491
2,A2,1,607
4,D,2,31
1,C,1,333
4,A2,1,671
6,D,1,27
1,C,2,43
3,A2,2,458
3,C,1,162
6,D,1,38
2,A1,1,691
1,A2,1,388
3,A1,2,507
4,A2,1,284
2,A1,1,556
4,B,1,63
4,A1,1,451
2,A1,2,661
2,A1,1,320
5,A2,1,361
1,C,1,71
2,A1,1,309
6,C,1,46
1,A1,2,1302
3,D,2,16
1,B,1,48
5,B,2,354
4,B,1,84
2,A1,1,372
5,C,2,132
3,A2,2,400
4,B,1,95
2,A1,2,883
4,A2,2,94
5,D,1,10
3,A2,1,421
3,A2,1,156
2,A1,2,161
5,C,1,100
4,A2,2,436
3,A2,2,173
1,B,2,251
3,A1,1,934
2,B,2,60
1,A1,2,609
3,D,2,30
1,A1,1,620
2,A2,2,84
2,C,2,227
4,A2,2,86
3,C,2,35
3,C,1,119
1,A1,1,812
4,B,2,96
1,A2,1,211
2,C,2,268
3,A1,2,280
6,B,1,286
2,A1,1,116
6,A1,1,335
5,A2,1,173
6,A2,1,177
3,C,1,28
4,B,1,159
1,A1,1,1352
4,C,1,18
1,A2,1,461
3,A1,1,1235
2,A2,2,140
5,C,1,43
3,B,2,63
1,A2,1,178
3,A2,1,545
2,C,1,280
1,A1,1,1863
5,A1,1,1001
1,A1,1,343
1,B,2,92
3,D,1,405
3,B,1,144
5,B,2,80
1,A1,2,394
3,C,1,61
4,A1,2,2018
6,B,1,190
2,B,1,107
5,A1,1,2025
4,A1,1,369
2,B,1,441
2,A2,2,186
1,A2,2,173
4,A1,1,247
4,A2,2,162
3,B,2,241
3,D,1,239
3,A2,2,1417
3,A1,1,361
4,A2,1,127
3,A1,2,1545
4,B,2,61
4,D,2,39
1,A2,1,336
2,A1,2,399
5,A1,2,453
3,A2,1,503
1,C,1,25
1,A1,2,1346
1,A1,1,632
4,A2,2,302
3,D,1,32
4,A2,1,767
5,C,2,319
3,C,2,77
1,D,1,130
3,A1,1,611
2,A2,1,432
4,A1,2,330
4,C,2,53
5,D,2,16
3,C,2,51
5,D,1,50
3,C,1,22
3,B,2,146
3,B,1,54
5,A2,2,693
4,A1,2,291
2,B,2,84
3,D,1,24
3,A2,2,417
5,A1,1,1865
1,B,1,267
4,A2,1,118
6,B,2,140
2,A1,2,645
4,A1,2,584
1,C,1,33
4,D,1,71
3,A2,1,453
4,C,1,239
2,A1,1,608
2,A1,2,613
2,A1,2,419
3,C,2,45
2,A1,1,732
5,C,1,26
1,B,1,337
6,A2,1,118
5,D,2,10
2,B,2,73
3,A1,1,494
1,B,2,82
3,A2,2,138
6,A2,1,228
2,A1,1,871
3,A2,1,179
2,A2,1,459
3,A2,2,32
3,A1,2,984
4,B,1,122
2,C,2,104
2,A1,1,819
2,A2,2,403
3,C,2,185
2,A1,2,918
4,A2,1,384
1,A2,1,404
3,C,1,60
5,D,2,12
4,A2,1,281
1,A2,1,837
6,C,2,174
4,A1,1,738
2,B,2,241
3,B,1,65
4,B,1,61
5,A2,2,64
4,A1,1,450
3,A2,1,144
5,D,2,53
4,A1,2,1359
1,A2,2,334
3,A2,2,417
4,C,1,165
3,A1,1,663
3,D,1,26
2,D,1,21
3,A1,1,473
3,A2,2,177
6,B,2,311
3,B,2,238
2,A1,2,466
4,A2,1,597
5,A2,1,750
2,B,2,171
5,A2,1,360
5,A2,1,289
4,C,1,209
4,D,1,10
4,C,2,31
1,A1,1,860
3,C,1,166
4,A1,1,774
3,A1,2,2025
3,A1,2,407
5,B,1,159
1,A2,1,614
2,C,1,29
4,A2,1,488
4,A2,1,713
